South Carolina State University,Orangeburg,SC,Bulldogs,Celebration Bowl,12:00 PM,ABC,7,,Atlanta,GA
Jackson State University (-1.5),Jackson, MS,Tigers,,,28,1.5,,,
12/14/2024,,,,,,,,,,
South Alabama (-7),Mobile, AL,Jaguars,Salute to Veterans Bowl,9:00 PM,ESPN,30,7,Montgomery,AL
Western Michigan University,Kalamazoo,MI,Broncos,,,23,,,,
12/14/2024,,,,,,,
No. 25 Memphis (-3),Memphis,TN,Tigers,Frisco Bowl,9:00 PM,ESPN,42,3,Frisco,TX
West Virginia,Morgantown,WV,Mountaineers,,,37,,,,
12/17/2024,,,,,,,
James Madison University (-7.5),Harrisonburg,VA,Dukes,Boca Raton Bowl,5:30 PM,ESPN,27,7.5,Boca Raton,FL
Western Kentucky University,,,,17,,,
12/18/2024,,,,,,,
No. 24 UNLV,LA Bowl,9:00 PM,ESPN,24,,Inglewood,CA
California (-4.5),,,,,4.5,,
12/18/2024,,,,,,,
Sam Houston State,New Orleans Bowl,7:00 PM,ESPN2,31,,New Orleans,LA
Georgia Southern (-6.5),,,,26,6.5,,
12/19/2024,,,,,,,
Ohio (-2.5),Cure Bowl,12:00 PM,ESPN,30,2.5,Orlando,FL
Jacksonville State,,,,27,,,
12/20/2024,,,,,,,
Florida (-13.5),Gasparilla Bowl,3:30 PM,ESPN,33,13.5,Tampa,FL
Tulane,,,,8,,,
12/20/2024,,,,,,,
Coastal Carolina University,Myrtle Beach Bowl,11:00 AM,ESPN,15,,Conway,SC
University of Texas at San Antonio (-8.5),,,,44,8.5,,
12/23/2024,,,,,,,
Northern Illinois University (-3),Famous Idaho Potato Bowl,2:30 PM,ESPN,28,3,Boise,IA
Fresno State,,,,20,,,
12/23/2024,,,,,,,
University of South Florida,Hawai'i Bowl,8:00 PM,ESPN,41,,Honolulu,Hawaii
San Jose State University (-3),,,,39,3,,
12/24/2024,,,,,,,
Pittsburgh (-9.5),GameAbove Sports Bowl,2:00 PM,ESPN,46,9.5,Detroit,MI
Toledo,,,,48,,,
12/24/2024,,,,,,,
Rutgers,Rate Bowl,5:30 PM,ESPN,41,,Phoenix,AZ
Kansas State University (-6.5),,,,44,6.5,,
12/26/2024,,,,,,,
Arkansas State,68 Ventures Bowl,9:00 PM,ESPN,38,,Mobile,AL
Bowling Green State University (-6.5),,,,31,6.5,,
12/26/2024,,,,,,,
No. 21 Syracuse (-6.5),Holiday Bowl,8:00 PM,FOX,52,6.5,San Diego,CA
Washington State,,,,35,,,
12/27/2024,,,,,,,
Georgia Tech (-2.5),Birmingham Bowl,TBD,ESPN,27,2.5,Birmingham,AL
Vanderbilt,,,,35,,,
12/27/2024,,,,,,,
Navy,Armed Forces Bowl,TBD,ESPN,21,,Fort Worth,TX
Oklahoma (-9.5),,,,20,9.5,,
12/27/2024,,,,,,,
Arkansas (-3.5),Liberty Bowl,7:00 PM,ESPN,39,3.5,Memphis,TN
Texas Tech University,,,,26,,,
12/27/2024,,,,,,,
Texas A&M (-2.5),Las Vegas Bowl,10:30 PM,ESPN,31,2.5,Las Vegas,NV
University of Southern California,,,,35,,,
12/27/2024,,,,,,,
University of North Carolina (-4.5),Fenway Bowl,11:00 AM,ESPN,14,4.5,Boston,MA
University of Connecticut,,,,27,,,
12/28/2024,,,,,,,
Boston College,Pinstripe Bowl,12:00 PM,ABC,15,,Bronx,NY
University of Nebraska (-3.5),,,,20,3.5,,
12/28/2024,,,,,,,
Texas Christian University (-10.5),New Mexico Bowl,2:15 PM,ESPN,34,10.5,Albuquerque,NM
University of Louisiana Lafayette,,,,4,,,
12/28/2024,,,,,,,
No. 13 University of Miami (-3.5),Pop-Tarts Bowl,3:30 PM,ABC,41,3.5,Orlando,FL
No. 18 Iowa State University,,,,42,,,
12/28/2024,,,,,,,
Colorado State University,Arizona Bowl,4:30 PM,CW Network,17,,Tucson,AZ
Miami of Ohio (-3),,,,43,3,,
12/28/2024,,,,,,,
North Carolina State University (-5.5),Military Bowl,5:45 PM,ESPN,21,5.5,Annapolis,MA
East Carolina University,,,,26,,,
12/28/2024,,,,,,,
No. 17 Brigham Young University,Alamo Bowl,7:30 PM,ABC,36,,San Antonio,TX
No. 23 University of Colorado (-3),,,,14,3,,
12/28/2024,,,,,,,
No. 22 Army (-14),Independence Bowl,9:15 PM,ESPN,,14,Shreveport,LA
Marshall,,,,,,,
12/28/2024,,,,,,,
No. 19 Missouri (-3.5),Music City Bowl,2:30 PM,ESPN,27,3.5,Nashville,TN
Iowa,,,,24,,,
12/30/2024,,,,,,,
No. 11 University of Alabama (-11.5),ReliaQuest Bowl,12:00 PM,ESPN,13,11.5,Tampa,FL
University of Michigan,,,,19,,,
12/31/2024,,,,,,,
University of Louisville (-5.5),Sun Bowl,2:00 PM,CBS,35,5.5,El Paso,TX
University of Washington,,,,34,,,
12/31/2024,,,,,,,
No. 15 University of South Carolina (-10.5),Citrus Bowl,3:00 PM,ABC,17,10.5,Orlando,FL
No. 20 University of Illinois,,,,21,,,
12/31/2024,,,,,,,
Louisiana State University (-2.5),Texas Bowl,3:30 PM,ESPN,44,2.5,Houston,TX
Baylor University,,,,31,,,
12/31/2024,,,,,,,
No. 14 Ole Miss (-13.5),Gator Bowl,7:30 PM,ESPN,52,13.5,Jacksonville,FL
Duke,,,,20,,,
1/2/2024,,,,,,,
University of North Texas,First Responder Bowl,4:00 PM,ESPN,28,,Dallas,TX
Texas State University (-10),,,,30,10,,
1/3/2024,,,,,,,
Minnesota (-4.5),Duke's Mayo Bowl,7:30 PM,ESPN,24,4.5,Charlotte,NC
Virginia Tech,,,,10,,,
1/3/2024,,,,,,,
Liberty University (-2.5),Bahamas Bowl,11:00 AM,ESPN,7,2.5,Nassau,BS
University at Buffalo,,,,26,,,
12/20/2024,,,,,,,
No. 8 Indiana University [10],College Football Playoff First Round Game 1,8:00 PM,ESPN,17,,Notre Dame,IN
No. 5 University of Notre Dame [7],,,,27,,,
12/21/2024,,,,,,,
No. 10 Southern Methodist University [11], College Football Playoff First Round Game 2,12:00 PM,TNT,10,,University Park,PA
No. 4 Pennsylvania State University [6],,,,38,,,
12/21/2024,,,,,,,
No. 16 Clemson University [12],College Football Playoff First Round Game 3,4:00 PM,TNT,24,,Auston,TX
No. 3 University of Texas at Austin [5],,,,38,,,
12/21/2024,,,,,,,
No. 7 University of Tennessee [9],College Football Playoff First Round Game 4,8:00 PM,ESPN,17,,Colombus,OH
No. 6 tOhio State University [8],,,,42,,,
12/21/2024,,,,,,,
No. 9 Boise State University [3],College Football Playoff Quarterfinal Game (Fiesta Bowl),7:30 PM,ESPN,14,,Glendale,AZ
No. 4 Pennsylvania State University [6],,,,31,,,
12/31/2024,,,,,,,
No. 12 Arizona State University [4],College Football Playoff Quarterfinal Game (Peach Bowl),1:00 PM,ESPN,31,,Atlanta,GA
No. 3 University of Texas at Austin [5],,,,39,,,
1/1/2025,,,,,,,
No. 1 University of Oregon [1],College Football Playoff Quarterfinal Game (Rose Bowl),5:00 PM,ESPN,21,,Pasadena,CA
No. 6 tOhio State University [8],,,,41,,,
1/1/2025,,,,,,,
No. 2 University of Georgia [2],College Football Playoff Quarterfinal Game (Sugar Bowl),8:45 PM,ESPN,10,,New Orleans,LA
No. 5 University of Notre Dame [7],,,,23,,,
1/1/2025,,,,,,,
No. 5 University of Notre Dame [7],College Football Playoff Semifinal Game (Orange Bowl),7:30 PM,ESPN,27,,Miami Gardens,FL
No. 4 Pennsylvania State University [6],,,,24,,,
1/9/2025,,,,,,,
No. 6 tOhio State University [8],College Football Playoff Semifinal Game (Cotton Bowl),7:30 PM,ESPN,28,,Arlington,TX
No. 3 University of Texas at Austin [5],,,,14,,,
1/10/2025,,,,,,,
No. 5 University of Notre Dame [7],College Football Playoff National Championship Game,7:30 PM,ESPN,23,,Atlanta,GA
No. 6 tOhio State University [8],,,,34,,,
1/20/2025,,,,,,,